Episode,Reward,Steps,Reason,Time
1,-69.46,6,FALL,11:57:16
2,-41.70,8,FALL,11:57:19
3,-36.31,9,FALL,11:57:23
4,-43.98,8,FALL,11:57:26
5,-9.09,14,FALL,11:57:30
6,87.60,31,FALL,11:57:35
7,-52.67,7,FALL,11:57:38
8,-50.61,7,FALL,11:57:41
9,-34.15,11,FALL,11:57:45
10,203.02,42,FALL,11:57:50
11,-54.05,6,FALL,11:57:53
12,-45.24,8,FALL,11:57:56
13,20.83,20,FALL,11:58:00
14,-48.90,10,FALL,11:58:04
15,-38.82,11,FALL,11:58:07
16,30.99,19,FALL,11:58:11
17,93.88,28,FALL,11:58:16
18,-63.00,7,FALL,11:58:19
19,67.31,31,FALL,11:58:24
20,-20.32,13,FALL,11:58:27
21,-36.20,10,FALL,11:58:30
22,-19.15,11,FALL,11:58:43
23,-25.02,13,FALL,11:58:47
24,52.01,22,FALL,11:58:51
25,-43.09,9,FALL,11:58:54
26,-44.59,8,FALL,11:59:00
27,83.14,27,FALL,11:59:05
28,-63.49,6,FALL,11:59:08
29,27.71,19,FALL,11:59:15
30,-9.80,14,FALL,11:59:19
31,-43.24,8,FALL,11:59:22
32,-7.36,15,FALL,11:59:26
33,-41.20,9,FALL,11:59:29
34,-10.42,14,FALL,11:59:33
35,-44.66,8,FALL,11:59:36
36,59.03,24,FALL,11:59:40
37,132.55,40,FALL,11:59:45
38,133.01,33,FALL,11:59:53
39,-14.45,12,FALL,11:59:57
40,-54.46,6,FALL,12:00:03
41,77.66,29,FALL,12:00:08
42,-48.07,7,FALL,12:00:14
43,-42.14,10,FALL,12:00:18
44,-14.29,14,FALL,12:00:21
45,-38.38,11,FALL,12:00:28
46,-52.36,7,FALL,12:00:31
47,56.34,22,FALL,12:00:35
48,-32.83,11,FALL,12:00:42
49,0.43,16,FALL,12:00:49
50,272.80,52,FALL,12:00:55
51,-50.83,7,FALL,12:00:58
52,-32.54,10,FALL,12:01:01
53,-12.90,14,FALL,12:01:08
54,-68.83,5,FALL,12:01:11
55,246.65,57,FALL,12:01:18
56,-46.59,8,FALL,12:01:21
57,-50.09,7,FALL,12:01:24
58,2.81,20,FALL,12:01:28
59,-31.61,12,FALL,12:01:35
60,93.86,29,FALL,12:01:39
61,23.61,19,FALL,12:01:43
62,14.51,20,FALL,12:01:51
63,-10.88,16,FALL,12:01:54
64,-42.79,9,FALL,12:01:58
65,103.21,32,FALL,12:02:03
66,-47.97,8,FALL,12:02:06
67,-33.42,11,FALL,12:02:09
68,-14.30,14,FALL,12:02:13
69,-48.64,7,FALL,12:02:20
70,224.66,48,FALL,12:02:28
71,-52.86,7,FALL,12:02:31
72,-49.84,8,FALL,12:02:35
73,9.95,15,FALL,12:02:38
74,98.64,31,FALL,12:02:43
75,-44.04,8,FALL,12:02:47
76,-12.14,14,FALL,12:02:50
77,1.59,16,FALL,12:02:57
78,-36.26,10,FALL,12:03:00
79,-55.89,7,FALL,12:03:04
80,51.61,23,FALL,12:03:11
81,-27.87,11,FALL,12:03:15
82,-48.88,7,FALL,12:03:18
83,-54.65,7,FALL,12:03:21
84,155.47,36,FALL,12:03:26
85,-0.15,16,FALL,12:03:30
86,-50.32,8,FALL,12:03:33
87,36.59,22,FALL,12:03:40
88,-50.47,8,FALL,12:03:44
89,-25.60,14,FALL,12:03:47
90,-16.08,13,FALL,12:03:51
91,-40.83,9,FALL,12:03:54
92,-56.03,7,FALL,12:03:57
93,-48.40,7,FALL,12:04:01
94,-2.76,19,FALL,12:04:05
95,249.71,47,FALL,12:04:10
96,-42.55,9,FALL,12:04:17
97,86.88,26,FALL,12:04:21
98,35.14,19,FALL,12:04:25
99,59.91,25,FALL,12:04:29
100,-52.04,8,FALL,12:04:33
101,-21.49,13,FALL,12:04:36
102,-48.75,7,FALL,12:04:40
103,-49.65,8,FALL,12:04:43
104,145.59,40,FALL,12:04:48
105,-42.14,11,FALL,12:04:52
106,-78.54,4,FALL,12:04:55
107,-40.70,9,FALL,12:05:01
108,-49.66,8,FALL,12:05:05
109,-53.48,6,FALL,12:05:08
110,17.19,18,FALL,12:05:15
111,-50.75,8,FALL,12:05:18
112,-26.70,12,FALL,12:05:22
113,-47.47,7,FALL,12:05:25
114,-51.40,7,FALL,12:05:28
115,230.89,49,FALL,12:05:34
116,-26.01,11,FALL,12:05:37
117,-45.89,8,FALL,12:05:40
118,-38.55,9,FALL,12:05:44
119,-11.19,14,FALL,12:05:48
120,-48.26,8,FALL,12:05:51
121,-57.39,8,FALL,12:05:54
122,82.30,34,FALL,12:05:59
123,16.37,17,FALL,12:06:06
124,-33.17,12,FALL,12:06:09
125,-46.17,8,FALL,12:06:13
126,-24.08,12,FALL,12:06:16
127,-43.34,9,FALL,12:06:19
128,297.70,47,FALL,12:06:25
129,-34.88,10,FALL,12:06:28
130,151.98,37,FALL,12:06:33
131,31.57,22,FALL,12:06:37
132,-25.72,13,FALL,12:06:41
133,63.37,23,FALL,12:06:45
134,-8.59,16,FALL,12:06:49
135,33.13,22,FALL,12:06:53
136,-16.61,12,FALL,12:06:59
137,106.80,31,FALL,12:07:04
138,42.09,20,FALL,12:07:11
139,46.35,22,FALL,12:07:18
140,-26.15,11,FALL,12:07:22
141,-40.87,10,FALL,12:07:29
142,22.58,20,FALL,12:07:36
143,-47.61,7,FALL,12:07:39
144,111.52,28,FALL,12:07:44
145,-49.16,8,FALL,12:07:47
146,116.72,31,FALL,12:07:55
147,-52.23,7,FALL,12:07:58
148,-51.04,7,FALL,12:08:01
149,80.73,26,FALL,12:08:09
150,-16.00,14,FALL,12:08:16
151,131.56,30,FALL,12:08:20
152,53.16,23,FALL,12:08:24
153,20.84,18,FALL,12:08:28
154,-52.63,7,FALL,12:08:31
155,16.74,19,FALL,12:08:35
156,99.38,27,FALL,12:08:40
157,-49.37,7,FALL,12:08:43
158,-4.99,14,FALL,12:08:50
159,-54.44,7,FALL,12:08:57
160,-38.56,9,FALL,12:09:00
161,-44.80,7,FALL,12:09:06
162,75.94,27,FALL,12:09:14
163,-35.98,11,FALL,12:09:20
164,-22.86,12,FALL,12:09:27
165,54.32,25,FALL,12:09:31
166,79.44,27,FALL,12:09:35
167,-22.89,12,FALL,12:09:39
168,187.71,38,FALL,12:09:50
169,104.65,28,FALL,12:09:57
170,-21.21,13,FALL,12:10:01
171,-20.66,11,FALL,12:10:04
172,-45.22,7,FALL,12:10:08
173,125.24,32,FALL,12:10:13
174,74.79,27,FALL,12:10:17
175,268.65,50,FALL,12:10:22
176,-43.70,9,FALL,12:10:26
177,123.36,40,FALL,12:10:31
178,-33.57,11,FALL,12:10:34
179,140.05,33,FALL,12:10:42
180,101.03,32,FALL,12:10:47
181,-23.09,13,FALL,12:10:51
182,226.02,47,FALL,12:10:57
183,114.81,33,FALL,12:11:01
184,-37.29,10,FALL,12:11:05
185,-49.29,7,FALL,12:11:08
186,205.28,51,FALL,12:11:17
187,-47.18,8,FALL,12:11:23
188,24.38,17,FALL,12:11:27
189,-44.77,9,FALL,12:11:30
190,-56.00,7,FALL,12:11:34
191,88.84,26,FALL,12:11:41
192,325.37,69,FALL,12:11:48
193,307.97,74,FALL,12:11:54
194,53.56,28,FALL,12:11:59
195,37.83,23,FALL,12:12:03
196,68.00,23,FALL,12:12:11
197,86.72,30,FALL,12:12:16
198,-5.33,14,FALL,12:12:23
199,-6.20,14,FALL,12:12:26
200,-48.72,7,FALL,12:12:33
201,-50.40,6,FALL,12:12:39
202,-16.71,13,FALL,12:12:43
203,-47.27,7,FALL,12:12:46
204,-42.12,10,FALL,12:12:50
205,43.62,20,FALL,12:12:54
206,11.65,18,FALL,12:12:58
207,314.00,66,FALL,12:13:05
208,-54.39,8,FALL,12:13:08
209,12.85,20,FALL,12:13:12
210,47.11,22,FALL,12:13:16
211,95.34,26,FALL,12:13:21
212,-59.07,6,FALL,12:13:24
213,-77.55,8,FALL,12:13:31
214,-67.48,6,FALL,12:13:35
215,100.73,27,FALL,12:13:39
216,-48.37,7,FALL,12:13:46
217,55.00,22,FALL,12:13:53
218,161.05,35,FALL,12:13:58
219,16.51,17,FALL,12:14:02
220,-41.84,10,FALL,12:14:08
221,-12.98,14,FALL,12:14:12
222,-30.29,14,FALL,12:14:16
223,356.73,62,FALL,12:14:22
224,-23.32,14,FALL,12:14:26
225,-35.60,10,FALL,12:14:29
226,-57.98,7,FALL,12:14:32
227,-51.64,7,FALL,12:14:36
228,-43.24,9,FALL,12:14:39
229,245.54,57,FALL,12:14:45
230,-17.85,10,FALL,12:14:49
231,-50.40,10,FALL,12:14:52
232,32.29,20,FALL,12:15:00
233,29.51,19,FALL,12:15:07
234,212.42,48,FALL,12:15:12
235,53.76,23,FALL,12:15:17
236,71.64,28,FALL,12:15:21
237,23.62,20,FALL,12:15:25
238,-60.99,7,FALL,12:15:28
239,-53.39,7,FALL,12:15:32
240,228.10,47,FALL,12:15:37
241,33.28,20,FALL,12:15:41
242,82.00,26,FALL,12:15:46
243,-45.68,9,FALL,12:15:49
244,377.57,67,FALL,12:15:56
245,-59.10,5,FALL,12:15:59
246,230.30,47,FALL,12:16:05
247,71.20,25,FALL,12:16:09
248,-49.87,7,FALL,12:16:12
249,-40.22,10,FALL,12:16:15
250,-36.47,9,FALL,12:16:19
251,-14.36,13,FALL,12:16:22
252,-27.57,10,FALL,12:16:29
253,-51.09,6,FALL,12:16:32
254,-22.49,11,FALL,12:16:36
255,-70.34,5,FALL,12:16:39
256,-42.74,8,FALL,12:16:42
257,-12.15,14,FALL,12:16:46
258,-32.27,10,FALL,12:16:49
259,15.28,17,FALL,12:16:53
260,92.91,26,FALL,12:16:57
261,162.90,40,FALL,12:17:03
262,-54.15,6,FALL,12:17:06
263,24.13,19,FALL,12:17:10
264,187.83,41,FALL,12:17:15
265,-43.42,8,FALL,12:17:18
266,62.29,24,FALL,12:17:22
267,-36.39,11,FALL,12:17:26
268,20.37,17,FALL,12:17:30
269,2.58,18,FALL,12:17:37
270,29.34,17,FALL,12:17:40
271,-56.45,6,FALL,12:17:44
272,-29.98,11,FALL,12:17:47
273,19.57,17,FALL,12:17:54
274,108.81,30,FALL,12:17:59
275,-37.70,10,FALL,12:18:08
276,257.63,51,FALL,12:18:14
277,113.47,29,FALL,12:18:18
278,49.67,20,FALL,12:18:22
279,43.52,21,FALL,12:18:27
280,-52.08,6,FALL,12:18:30
281,-52.48,6,FALL,12:18:33
282,-34.69,12,FALL,12:18:37
283,-39.82,10,FALL,12:18:40
284,34.39,20,FALL,12:18:47
285,58.76,26,FALL,12:18:58
286,48.54,23,FALL,12:19:02
287,-3.05,14,FALL,12:19:05
288,-52.00,7,FALL,12:19:09
289,90.83,27,FALL,12:19:13
290,27.19,19,FALL,12:19:20
291,48.26,21,FALL,12:19:24
292,-53.55,6,FALL,12:19:27
293,-61.84,7,FALL,12:19:30
294,-32.62,12,FALL,12:19:34
295,-17.69,13,FALL,12:19:38
296,58.24,29,FALL,12:19:45
297,153.84,37,FALL,12:19:53
298,261.82,56,FALL,12:19:59
299,126.64,32,FALL,12:20:04
300,-55.90,6,FALL,12:20:07
301,-20.38,14,FALL,12:20:11
302,2.25,16,FALL,12:20:18
303,-14.89,15,FALL,12:20:21
304,-55.88,6,FALL,12:20:25
305,17.74,18,FALL,12:20:29
306,-28.88,12,FALL,12:20:32
307,37.67,20,FALL,12:20:36
308,92.72,30,FALL,12:20:41
309,-69.34,6,FALL,12:20:44
310,-21.56,12,FALL,12:20:47
311,154.59,34,FALL,12:20:52
312,161.39,41,FALL,12:20:57
313,-36.76,10,FALL,12:21:04
314,54.55,24,FALL,12:21:08
315,-26.65,13,FALL,12:21:12
316,-52.52,6,FALL,12:21:15
317,-36.59,11,FALL,12:21:18
318,35.00,18,FALL,12:21:22
319,71.65,27,FALL,12:21:27
320,-25.24,12,FALL,12:21:30
321,-50.57,9,FALL,12:21:34
322,12.23,18,FALL,12:21:38
323,-26.81,11,FALL,12:21:41
324,-28.07,10,FALL,12:21:45
325,19.15,19,FALL,12:21:55
326,-50.24,8,FALL,12:21:58
327,19.32,21,FALL,12:22:02
328,20.75,18,FALL,12:22:06
329,110.45,29,FALL,12:22:14
330,107.41,33,FALL,12:22:24
331,-54.96,6,FALL,12:22:28
332,64.44,25,FALL,12:22:35
333,197.91,44,FALL,12:22:41
334,-26.79,12,FALL,12:22:44
335,-27.42,10,FALL,12:22:47
336,42.48,21,FALL,12:22:58
337,139.58,35,FALL,12:23:02
338,115.76,32,FALL,12:23:07
339,-48.61,7,FALL,12:23:10
340,146.49,39,FALL,12:23:16
341,-47.11,7,FALL,12:23:19
342,-45.25,8,FALL,12:23:22
343,-50.36,7,FALL,12:23:32
344,52.12,23,FALL,12:23:36
345,-44.83,8,FALL,12:23:39
346,20.08,19,FALL,12:23:46
347,36.17,21,FALL,12:23:53
348,-38.10,9,FALL,12:23:57
349,54.40,22,FALL,12:24:04
350,-54.99,6,FALL,12:24:11
351,-46.25,9,FALL,12:24:14
352,-31.75,12,FALL,12:24:17
353,-49.29,7,FALL,12:24:21
354,-23.30,13,FALL,12:24:24
355,1.59,20,FALL,12:24:28
356,17.64,17,FALL,12:24:32
357,51.91,22,FALL,12:24:36
358,-42.08,9,FALL,12:24:39
359,-15.06,15,FALL,12:24:43
360,-52.03,7,FALL,12:24:47
361,-19.19,13,FALL,12:24:50
362,56.13,23,FALL,12:24:54
363,157.24,41,FALL,12:25:00
364,-26.02,12,FALL,12:25:03
365,123.07,33,FALL,12:25:08
366,102.81,26,FALL,12:25:12
367,-28.72,12,FALL,12:25:16
368,-57.03,7,FALL,12:25:22
369,-22.21,12,FALL,12:25:26
370,-14.67,14,FALL,12:25:30
371,38.04,19,FALL,12:25:37
372,46.56,21,FALL,12:25:41
373,-48.48,7,FALL,12:25:44
374,-39.49,9,FALL,12:25:48
375,-56.47,6,FALL,12:25:51
376,12.83,17,FALL,12:25:55
377,-51.13,6,FALL,12:25:58
378,-46.96,8,FALL,12:26:04
379,-15.99,13,FALL,12:26:08
380,94.36,29,FALL,12:26:13
381,102.54,28,FALL,12:26:20
382,159.01,43,FALL,12:26:26
383,44.17,21,FALL,12:26:30
384,114.77,30,FALL,12:26:41
385,-49.40,7,FALL,12:26:47
386,-51.41,7,FALL,12:26:50
387,83.56,31,FALL,12:26:58
388,-48.03,7,FALL,12:27:01
389,43.38,22,FALL,12:27:08
390,-40.88,10,FALL,12:27:18
391,-34.83,11,FALL,12:27:24
392,84.13,28,FALL,12:27:28
393,-35.43,10,FALL,12:27:32
394,68.13,28,FALL,12:27:45
395,-11.24,14,FALL,12:27:49
396,200.96,40,FALL,12:27:54
397,-44.71,8,FALL,12:27:57
398,99.53,39,FALL,12:28:05
399,57.33,27,FALL,12:28:10
400,42.14,24,FALL,12:28:14
401,76.16,27,FALL,12:28:18
402,-50.54,7,FALL,12:28:24
403,-66.87,5,FALL,12:28:31
404,-46.73,8,FALL,12:28:37
405,7.57,20,FALL,12:28:41
406,5.97,15,FALL,12:28:45
407,142.91,32,FALL,12:28:50
408,9.87,15,FALL,12:28:53
409,-49.14,7,FALL,12:28:56
410,-44.57,8,FALL,12:29:03
411,-49.24,8,FALL,12:29:06
412,159.54,33,FALL,12:29:14
413,231.35,44,FALL,12:29:20
414,-22.56,12,FALL,12:29:23
415,-11.06,14,FALL,12:29:27
416,139.89,35,FALL,12:29:37
417,-26.41,12,FALL,12:29:40
418,170.14,48,FALL,12:29:49
419,171.86,49,FALL,12:29:54
420,18.64,21,FALL,12:29:58
421,127.58,36,FALL,12:30:03
422,108.64,27,FALL,12:30:08
423,-17.20,14,FALL,12:30:12
424,8.72,16,FALL,12:30:15
425,-53.81,6,FALL,12:30:19
426,-45.35,9,FALL,12:30:22
427,351.44,68,FALL,12:30:32
428,-52.62,7,FALL,12:30:35
429,170.52,39,FALL,12:30:40
430,-45.09,8,FALL,12:30:43
431,-4.58,14,FALL,12:30:47
432,34.31,21,FALL,12:30:51
433,-34.41,10,FALL,12:30:58
434,45.33,20,FALL,12:31:02
435,25.72,22,FALL,12:31:06
436,-51.19,7,FALL,12:31:09
437,-5.28,20,FALL,12:31:13
438,205.35,52,FALL,12:31:22
439,-2.63,16,FALL,12:31:26
440,-35.92,11,FALL,12:31:29
441,27.92,18,FALL,12:31:33
442,17.46,21,FALL,12:31:37
443,-21.72,13,FALL,12:31:44
444,178.36,40,FALL,12:31:52
445,-16.47,14,FALL,12:31:59
446,-30.77,13,FALL,12:32:05
447,4.09,15,FALL,12:32:09
448,14.33,15,FALL,12:32:13
449,-1.47,15,FALL,12:32:17
450,406.71,73,FALL,12:32:24
451,121.82,34,FALL,12:32:28
452,-13.98,13,FALL,12:32:32
453,31.06,20,FALL,12:32:39
454,-37.68,10,FALL,12:32:43
455,187.23,50,FALL,12:32:48
456,-15.62,14,FALL,12:32:52
457,-46.28,7,FALL,12:32:55
458,46.25,21,FALL,12:33:02
459,-45.88,8,FALL,12:33:06
460,68.61,28,FALL,12:33:10
461,172.77,41,FALL,12:33:15
462,-45.50,8,FALL,12:33:22
463,-3.51,16,FALL,12:33:26
464,-55.60,6,FALL,12:33:29
465,-22.98,14,FALL,12:33:32
466,336.72,60,FALL,12:33:39
467,-29.36,11,FALL,12:33:46
468,-75.40,5,FALL,12:33:49
469,-48.94,7,FALL,12:33:52
470,31.80,21,FALL,12:33:56
471,73.33,25,FALL,12:34:00
472,175.74,40,FALL,12:34:08
473,-57.04,7,FALL,12:34:18
474,-44.78,8,FALL,12:34:21
475,50.04,22,FALL,12:34:28
476,124.00,31,FALL,12:34:33
477,37.40,19,FALL,12:34:37
478,50.92,25,FALL,12:34:41
479,202.13,52,FALL,12:34:47
480,46.19,23,FALL,12:34:51
481,-6.96,16,FALL,12:34:55
482,118.98,35,FALL,12:34:59
483,-40.51,9,FALL,12:35:03
484,-38.91,9,FALL,12:35:09
485,0.69,18,FALL,12:35:13
486,88.27,30,FALL,12:35:17
487,-17.16,14,FALL,12:35:20
488,-56.59,7,FALL,12:35:24
489,175.23,43,FALL,12:35:29
490,-9.23,14,FALL,12:35:32
491,-53.74,6,FALL,12:35:39
492,109.22,36,FALL,12:35:44
493,67.92,28,FALL,12:35:48
494,214.29,53,FALL,12:35:54
495,111.53,31,FALL,12:35:59
496,-57.97,7,FALL,12:36:02
497,66.69,29,FALL,12:36:12
498,38.15,19,FALL,12:36:16
499,-45.80,8,FALL,12:36:23
500,93.84,26,FALL,12:36:30
501,-45.68,8,FALL,12:36:37
502,-51.51,7,FALL,12:36:40
503,146.95,42,FALL,12:36:45
504,-36.80,10,FALL,12:36:55
505,29.68,23,FALL,12:37:02
506,-16.79,13,FALL,12:37:05
507,86.51,27,FALL,12:37:10
508,149.44,40,FALL,12:37:15
509,6.10,18,FALL,12:37:22
510,36.46,21,FALL,12:37:26
511,-31.55,14,FALL,12:37:30
512,139.69,32,FALL,12:37:37
513,-5.20,14,FALL,12:37:41
514,247.80,47,FALL,12:37:47
515,-3.98,14,FALL,12:37:50
516,-34.48,10,FALL,12:37:54
517,189.82,41,FALL,12:37:59
518,-50.37,7,FALL,12:38:05
519,-45.75,8,FALL,12:38:08
520,-52.58,8,FALL,12:38:12
521,-50.79,8,FALL,12:38:15
522,-31.62,12,FALL,12:38:22
523,43.32,23,FALL,12:38:26
524,1.46,17,FALL,12:38:30
525,-42.29,9,FALL,12:38:33
526,-43.82,8,FALL,12:38:36
527,22.87,18,FALL,12:38:40
528,-45.95,8,FALL,12:38:50
529,-18.25,14,FALL,12:38:53
530,38.28,20,FALL,12:38:57
531,6.50,17,FALL,12:39:01
532,65.83,23,FALL,12:39:08
533,0.32,14,FALL,12:39:12
534,-39.73,8,FALL,12:39:15
535,-46.48,8,FALL,12:39:19
536,106.07,32,FALL,12:39:26
537,-26.30,11,FALL,12:39:30
538,222.91,54,FALL,12:39:39
539,188.34,40,FALL,12:39:47
540,41.32,17,FALL,12:39:51
541,-30.27,10,FALL,12:39:55
542,-42.60,8,FALL,12:40:04
543,-52.03,7,FALL,12:40:07
544,-31.37,10,FALL,12:40:11
545,-16.74,13,FALL,12:40:14
546,-62.20,5,FALL,12:40:18
547,333.86,65,FALL,12:40:24
548,48.79,21,FALL,12:40:28
549,206.14,41,FALL,12:40:34
550,43.19,24,FALL,12:40:38
551,179.05,39,FALL,12:40:43
552,79.68,28,FALL,12:40:50
553,69.77,24,FALL,12:40:54
554,54.02,28,FALL,12:40:59
555,-0.88,21,FALL,12:41:03
556,-34.28,10,FALL,12:41:06
557,-34.59,10,FALL,12:41:10
558,68.57,25,FALL,12:41:14
559,36.86,24,FALL,12:41:21
560,229.85,54,FALL,12:41:27
561,-52.88,8,FALL,12:41:30
562,-48.34,8,FALL,12:41:37
563,-25.52,11,FALL,12:41:40
564,-42.69,9,FALL,12:41:44
565,-51.12,9,FALL,12:41:50
566,59.34,26,FALL,12:41:57
567,-35.17,11,FALL,12:42:01
568,-47.94,7,FALL,12:42:07
569,-52.69,7,FALL,12:42:10
570,101.06,28,FALL,12:42:14
571,17.80,19,FALL,12:42:18
572,-54.50,8,FALL,12:42:25
573,-41.21,9,FALL,12:42:31
574,-44.84,8,FALL,12:42:38
575,-34.18,10,FALL,12:42:41
576,7.13,16,FALL,12:42:45
577,169.77,37,FALL,12:42:50
578,-7.46,15,FALL,12:42:54
579,116.27,31,FALL,12:43:02
580,3.23,16,FALL,12:43:06
581,-38.88,9,FALL,12:43:09
582,112.66,30,FALL,12:43:17
583,309.03,54,FALL,12:43:23
584,-50.75,7,FALL,12:43:26
585,587.53,107,FALL,12:43:35
586,31.43,17,FALL,12:43:42
587,383.37,71,FALL,12:43:52
588,116.88,27,FALL,12:43:56
589,-29.31,11,FALL,12:44:00
590,-59.54,6,FALL,12:44:06
591,-42.15,9,FALL,12:44:12
592,-45.58,7,FALL,12:44:16
593,165.72,50,FALL,12:44:25
594,-50.02,8,FALL,12:44:28
595,-26.36,14,FALL,12:44:31
596,137.92,31,FALL,12:44:36
597,-48.18,7,FALL,12:44:43
598,107.76,30,FALL,12:44:47
599,156.56,46,FALL,12:44:52
600,93.46,31,FALL,12:44:57
601,85.29,27,FALL,12:45:01
602,-51.56,9,FALL,12:45:04
603,179.59,43,FALL,12:45:12
604,57.82,26,FALL,12:45:19
605,-51.78,7,FALL,12:45:26
606,-28.99,12,FALL,12:45:29
607,-38.81,8,FALL,12:45:36
608,101.24,26,FALL,12:45:40
609,209.13,49,FALL,12:45:46
610,71.47,24,FALL,12:45:50
611,-47.15,8,FALL,12:45:57
612,32.49,19,FALL,12:46:01
613,-56.63,5,FALL,12:46:07
614,-24.73,12,FALL,12:46:11
615,70.58,26,FALL,12:46:18
616,-52.41,8,FALL,12:46:22
617,150.44,40,FALL,12:46:27
618,15.61,18,FALL,12:46:34
619,75.89,26,FALL,12:46:38
620,151.73,40,FALL,12:46:43
621,-42.69,9,FALL,12:46:52
622,-9.86,15,FALL,12:46:59
623,-45.30,8,FALL,12:47:02
624,-37.25,10,FALL,12:47:09
625,56.44,23,FALL,12:47:16
626,-36.76,9,FALL,12:47:20
627,80.19,26,FALL,12:47:27
628,26.69,21,FALL,12:47:31
629,270.90,61,FALL,12:47:37
630,69.79,22,FALL,12:47:41
631,-34.08,11,FALL,12:47:45
632,-46.39,8,FALL,12:47:48
633,2.86,18,FALL,12:47:52
634,23.71,20,FALL,12:47:56
635,318.60,73,FALL,12:48:06
636,171.49,44,FALL,12:48:14
637,453.42,94,FALL,12:48:23
638,81.22,28,FALL,12:48:27
639,164.18,38,FALL,12:48:32
640,-43.06,9,FALL,12:48:35
641,-20.69,13,FALL,12:48:39
642,-49.64,7,FALL,12:48:42
643,0.43,16,FALL,12:48:46
644,31.76,20,FALL,12:48:50
645,-48.70,7,FALL,12:48:53
646,44.79,22,FALL,12:48:57
647,-15.79,15,FALL,12:49:01
648,49.34,22,FALL,12:49:05
649,6.46,19,FALL,12:49:12
650,38.08,20,FALL,12:49:16
651,120.06,32,FALL,12:49:20
652,-34.28,9,FALL,12:49:24
653,-4.02,14,FALL,12:49:27
654,2.03,16,FALL,12:49:31
655,92.56,26,FALL,12:49:38
656,-53.71,6,FALL,12:49:42
657,84.60,27,FALL,12:49:46
658,93.54,35,FALL,12:49:51
659,86.43,26,FALL,12:49:55
660,-21.75,15,FALL,12:49:59
661,112.83,35,FALL,12:50:03
662,-18.41,13,FALL,12:50:10
663,-31.71,11,FALL,12:50:13
664,58.74,22,FALL,12:50:18
665,24.55,17,FALL,12:50:21
666,67.56,28,FALL,12:50:26
667,38.20,20,FALL,12:50:30
668,-25.71,11,FALL,12:50:33
669,64.92,29,FALL,12:50:37
670,-53.11,7,FALL,12:50:41
671,68.43,22,FALL,12:50:48
672,159.98,36,FALL,12:50:53
673,-56.83,6,FALL,12:50:59
674,58.90,23,FALL,12:51:03
675,133.70,33,FALL,12:51:08
676,-49.87,7,FALL,12:51:14
677,4.56,21,FALL,12:51:19
678,-53.77,6,FALL,12:51:22
679,-32.51,10,FALL,12:51:25
680,219.59,51,FALL,12:51:31
681,-30.06,10,FALL,12:51:37
682,-2.90,14,FALL,12:51:41
683,-47.26,7,FALL,12:51:44
684,63.85,25,FALL,12:51:52
685,40.29,21,FALL,12:51:56
686,-26.86,10,FALL,12:52:02
687,-45.54,8,FALL,12:52:09
688,-59.05,6,FALL,12:52:12
689,258.77,49,FALL,12:52:20
690,237.45,48,FALL,12:52:26
691,-39.32,10,FALL,12:52:29
692,-35.51,11,FALL,12:52:33
693,-48.82,7,FALL,12:52:42
694,38.75,19,FALL,12:52:49
695,205.15,47,FALL,12:52:55
696,-21.11,11,FALL,12:52:59
697,72.06,29,FALL,12:53:06
698,-44.93,8,FALL,12:53:09
699,104.50,35,FALL,12:53:14
700,178.13,37,FALL,12:53:19
701,-36.36,11,FALL,12:53:22
702,263.16,53,FALL,12:53:28
703,-21.75,12,FALL,12:53:32
704,93.12,27,FALL,12:53:36
705,-18.59,14,FALL,12:53:40
706,-8.47,14,FALL,12:53:43
707,22.22,17,FALL,12:53:50
708,-7.96,15,FALL,12:53:54
709,-13.55,15,FALL,12:53:58
710,281.00,60,FALL,12:54:04
711,56.30,23,FALL,12:54:11
712,-2.14,15,FALL,12:54:15
713,30.13,25,FALL,12:54:19
714,-48.50,9,FALL,12:54:23
715,72.71,28,FALL,12:54:27
716,-32.99,11,FALL,12:54:31
717,-21.41,13,FALL,12:54:37
718,-43.43,8,FALL,12:54:41
719,-20.33,12,FALL,12:54:51
720,234.80,52,FALL,12:55:00
721,-43.18,8,FALL,12:55:03
722,-44.16,9,FALL,12:55:06
723,249.98,48,FALL,12:55:12
724,-20.96,13,FALL,12:55:15
725,359.27,68,FALL,12:55:22
726,34.70,18,FALL,12:55:26
727,123.93,33,FALL,12:55:30
728,93.77,27,FALL,12:55:35
729,49.16,24,FALL,12:55:39
730,313.21,68,FALL,12:55:45
731,-29.17,13,FALL,12:55:49
732,20.62,18,FALL,12:55:53
733,200.32,40,FALL,12:55:58
734,-26.90,10,FALL,12:56:01
735,120.95,33,FALL,12:56:09
736,397.13,71,FALL,12:56:19
737,105.84,31,FALL,12:56:23
738,-45.54,8,FALL,12:56:30
739,-58.28,6,FALL,12:56:33
740,-51.50,7,FALL,12:56:36
741,-50.72,8,FALL,12:56:39
742,-46.84,10,FALL,12:56:43
743,-28.86,10,FALL,12:56:46
744,-41.60,9,FALL,12:56:50
745,-18.45,12,FALL,12:56:53
746,71.05,27,FALL,12:56:57
747,-33.56,11,FALL,12:57:01
748,-27.71,13,FALL,12:57:05
749,-37.21,10,FALL,12:57:08
750,61.26,23,FALL,12:57:12
751,-22.96,13,FALL,12:57:19
752,4.11,15,FALL,12:57:22
753,-38.07,13,FALL,12:57:26
754,-53.45,7,FALL,12:57:33
755,132.73,35,FALL,12:57:37
756,121.62,30,FALL,12:57:42
757,97.04,27,FALL,12:57:46
758,39.82,20,FALL,12:57:54
759,-51.41,7,FALL,12:57:57
760,21.39,19,FALL,12:58:01
761,240.07,51,FALL,12:58:07
762,-46.78,7,FALL,12:58:10
763,-22.73,11,FALL,12:58:14
764,142.53,47,FALL,12:58:26
765,-19.53,13,FALL,12:58:33
766,-50.52,9,FALL,12:58:36
767,-29.44,11,FALL,12:58:39
768,-39.96,8,FALL,12:58:46
769,-54.92,6,FALL,12:58:49
770,-48.31,7,FALL,12:58:52
771,74.39,26,FALL,12:58:56
772,391.46,70,FALL,12:59:04
773,-49.33,7,FALL,12:59:07
774,-28.70,12,FALL,12:59:10
775,-46.70,8,FALL,12:59:17
776,14.08,18,FALL,12:59:21
777,325.14,61,FALL,12:59:33
778,-18.99,12,FALL,12:59:37
779,-32.65,13,FALL,12:59:41
780,263.80,52,FALL,12:59:46
781,195.08,43,FALL,12:59:52
782,-47.80,8,FALL,12:59:55
783,-47.52,8,FALL,12:59:58
784,-27.47,13,FALL,13:00:02
785,-17.80,13,FALL,13:00:05
786,221.35,49,FALL,13:00:14
787,29.69,19,FALL,13:00:18
788,-16.61,12,FALL,13:00:25
789,109.96,33,FALL,13:00:30
790,121.15,33,FALL,13:00:34
791,232.98,49,FALL,13:00:40
792,-56.61,7,FALL,13:00:43
793,-52.51,7,FALL,13:00:46
794,27.92,26,FALL,13:00:51
795,-48.51,8,FALL,13:00:57
796,214.99,40,FALL,13:01:02
797,189.23,40,FALL,13:01:07
798,108.04,31,FALL,13:01:12
799,30.04,18,FALL,13:01:16
800,-38.03,9,FALL,13:01:19
801,-6.18,15,FALL,13:01:23
802,-52.30,7,FALL,13:01:29
803,49.84,22,FALL,13:01:33
804,-30.63,11,FALL,13:01:40
805,25.78,24,FALL,13:01:44
806,-8.61,14,FALL,13:01:48
807,82.35,27,FALL,13:01:52
808,-49.34,7,FALL,13:01:55
809,-36.11,10,FALL,13:01:59
810,-52.56,7,FALL,13:02:02
811,201.23,45,FALL,13:02:07
812,42.48,24,FALL,13:02:12
813,-54.28,6,FALL,13:02:15
814,-47.00,8,FALL,13:02:18
815,51.42,21,FALL,13:02:22
816,-50.78,7,FALL,13:02:25
817,101.25,29,FALL,13:02:30
818,-11.94,15,FALL,13:02:33
819,117.29,32,FALL,13:02:41
820,-39.24,9,FALL,13:02:44
821,24.48,20,FALL,13:02:48
822,283.79,58,FALL,13:02:55
823,0.80,16,FALL,13:02:58
824,25.85,20,FALL,13:03:02
825,17.01,17,FALL,13:03:09
826,-23.22,12,FALL,13:03:13
827,-49.79,8,FALL,13:03:16
828,-45.38,8,FALL,13:03:19
829,162.79,41,FALL,13:03:24
830,122.70,32,FALL,13:03:32
831,58.84,36,FALL,13:03:37
832,-18.56,14,FALL,13:03:40
833,217.77,48,FALL,13:03:46
834,437.87,81,FALL,13:03:53
835,11.15,17,FALL,13:03:57
836,105.40,32,FALL,13:04:02
837,21.84,18,FALL,13:04:06
838,-27.94,12,FALL,13:04:09
839,-19.80,12,FALL,13:04:13
840,10.24,17,FALL,13:04:17
841,74.00,24,FALL,13:04:21
842,-69.15,5,FALL,13:04:24
843,45.76,23,FALL,13:04:28
844,-20.51,13,FALL,13:04:32
845,183.00,39,FALL,13:04:37
846,169.46,49,FALL,13:04:46
847,-40.19,10,FALL,13:04:49
848,166.02,39,FALL,13:04:57
849,-47.66,8,FALL,13:05:04
850,136.83,51,FALL,13:05:10
851,-54.91,7,FALL,13:05:16
852,116.61,34,FALL,13:05:21
853,21.78,20,FALL,13:05:25
854,2.74,16,FALL,13:05:28
855,-28.02,14,FALL,13:05:32
856,-17.56,13,FALL,13:05:36
857,-13.85,15,FALL,13:05:39
858,-45.17,8,FALL,13:05:43
859,32.32,17,FALL,13:05:47
860,93.64,28,FALL,13:05:51
861,-53.70,8,FALL,13:05:54
862,-42.63,9,FALL,13:05:57
863,-22.44,13,FALL,13:06:01
864,72.06,25,FALL,13:06:15
865,-58.23,6,FALL,13:06:18
866,-35.87,10,FALL,13:06:21
867,37.07,20,FALL,13:06:25
868,138.99,37,FALL,13:06:30
869,-15.98,13,FALL,13:06:37
870,71.65,24,FALL,13:06:41
871,35.78,19,FALL,13:06:51
872,136.00,39,FALL,13:06:56
873,-43.34,9,FALL,13:07:03
874,-8.14,16,FALL,13:07:07
875,-49.29,7,FALL,13:07:13
876,74.23,27,FALL,13:07:21
877,-49.23,8,FALL,13:07:24
878,-43.15,8,FALL,13:07:27
879,-32.48,13,FALL,13:07:31
880,-39.53,11,FALL,13:07:34
881,-50.49,7,FALL,13:07:38
882,-28.94,11,FALL,13:07:41
883,-37.20,10,FALL,13:07:45
884,140.01,34,FALL,13:07:53
885,0.58,16,FALL,13:08:00
886,100.97,33,FALL,13:08:05
887,198.61,54,FALL,13:08:14
888,-24.97,11,FALL,13:08:17
889,-50.19,7,FALL,13:08:24
890,-49.80,8,FALL,13:08:27
891,180.50,43,FALL,13:08:35
892,-8.68,15,FALL,13:08:39
893,-48.59,8,FALL,13:08:42
894,0.93,17,FALL,13:08:49
895,-32.89,10,FALL,13:08:56
896,117.71,31,FALL,13:09:00
897,112.95,34,FALL,13:09:05
898,-44.82,8,FALL,13:09:08
899,-28.73,11,FALL,13:09:12
900,-17.57,12,FALL,13:09:15
901,22.46,17,FALL,13:09:19
902,-25.56,12,FALL,13:09:23
903,-52.53,8,FALL,13:09:26
904,228.79,47,FALL,13:09:31
905,-45.51,8,FALL,13:09:35
906,169.22,38,FALL,13:09:43
907,-23.02,13,FALL,13:09:46
908,43.71,19,FALL,13:09:50
909,179.73,37,FALL,13:09:55
910,40.51,20,FALL,13:09:59
911,7.68,16,FALL,13:10:03
912,35.20,21,FALL,13:10:07
913,82.62,27,FALL,13:10:12
914,202.72,42,FALL,13:10:17
915,-42.96,9,FALL,13:10:20
916,224.49,51,FALL,13:10:26
917,116.64,30,FALL,13:10:34
918,-26.09,12,FALL,13:10:37
919,119.86,34,FALL,13:10:42
920,114.57,33,FALL,13:10:50
921,-28.53,12,FALL,13:10:54
922,204.93,44,FALL,13:10:59
923,-42.19,9,FALL,13:11:02
924,-47.40,7,FALL,13:11:06
925,106.23,34,FALL,13:11:10
926,11.12,18,FALL,13:11:14
927,-71.54,5,FALL,13:11:17
928,-51.60,9,FALL,13:11:21
929,-28.67,11,FALL,13:11:27
930,-45.26,8,FALL,13:11:31
931,136.28,33,FALL,13:11:35
932,34.62,20,FALL,13:11:39
933,91.13,30,FALL,13:11:44
934,-6.87,12,FALL,13:11:48
935,22.05,19,FALL,13:11:55
936,56.05,21,FALL,13:11:59
937,-39.14,11,FALL,13:12:02
938,-43.52,9,FALL,13:12:06
939,-51.29,8,FALL,13:12:09
940,-50.03,7,FALL,13:12:12
941,-27.08,14,FALL,13:12:16
942,51.01,22,FALL,13:12:20
943,-21.39,12,FALL,13:12:23
944,186.19,42,FALL,13:12:29
945,199.37,53,FALL,13:12:35
946,-35.88,10,FALL,13:12:38
947,-47.60,9,FALL,13:12:42
948,302.35,58,FALL,13:12:48
949,-15.86,11,FALL,13:12:51
950,4.75,17,FALL,13:12:55
951,180.39,44,FALL,13:13:00
952,-20.98,14,FALL,13:13:04
953,112.57,31,FALL,13:13:12
954,14.49,19,FALL,13:13:16
955,-41.05,9,FALL,13:13:19
956,143.85,36,FALL,13:13:24
957,-25.93,11,FALL,13:13:27
958,26.78,21,FALL,13:13:31
959,93.94,31,FALL,13:13:39
960,9.22,15,FALL,13:13:43
961,174.37,45,FALL,13:13:49
962,-53.36,6,FALL,13:13:55
963,32.75,19,FALL,13:13:59
964,168.93,39,FALL,13:14:04
965,-43.38,8,FALL,13:14:08
966,102.06,29,FALL,13:14:12
967,-44.77,8,FALL,13:14:15
968,173.43,41,FALL,13:14:23
969,159.65,39,FALL,13:14:28
970,-45.87,8,FALL,13:14:32
971,-3.21,19,FALL,13:14:36
972,-18.86,11,FALL,13:14:39
973,97.63,27,FALL,13:14:44
974,-35.32,11,FALL,13:14:53
975,-36.96,11,FALL,13:14:57
976,138.40,32,FALL,13:15:05
977,-41.79,8,FALL,13:15:08
978,187.03,40,FALL,13:15:13
979,-47.75,7,FALL,13:15:16
980,186.78,38,FALL,13:15:21
981,-49.14,7,FALL,13:15:24
982,113.14,28,FALL,13:15:29
983,4.30,17,FALL,13:15:33
984,47.24,23,FALL,13:15:43
985,-22.84,12,FALL,13:15:47
986,-32.92,11,FALL,13:15:50
987,-45.29,9,FALL,13:15:54
988,170.43,43,FALL,13:16:02
989,26.49,20,FALL,13:16:06
990,56.05,23,FALL,13:16:11
991,91.35,28,FALL,13:16:18
992,83.95,26,FALL,13:16:23
993,-30.61,11,FALL,13:16:26
994,-26.24,11,FALL,13:16:30
995,112.13,36,FALL,13:16:38
996,-21.72,13,FALL,13:16:42
997,412.16,75,FALL,13:16:49
998,-23.94,11,FALL,13:16:55
999,96.21,30,FALL,13:17:00
1000,-19.80,13,FALL,13:17:04
1001,138.48,35,FALL,13:17:09
1002,69.98,29,FALL,13:17:13
1003,309.06,58,FALL,13:17:23
1004,-51.84,9,FALL,13:17:26
1005,-29.47,11,FALL,13:17:29
1006,-48.46,7,FALL,13:17:32
1007,-46.10,9,FALL,13:17:36
1008,29.26,20,FALL,13:17:40
1009,-71.18,5,FALL,13:17:46
1010,-45.51,7,FALL,13:17:53
1011,239.08,46,FALL,13:17:58
1012,-22.94,12,FALL,13:18:05
1013,-46.84,8,FALL,13:18:14
1014,46.20,21,FALL,13:18:18
1015,-53.53,7,FALL,13:18:24
1016,131.49,42,FALL,13:18:33
1017,-52.43,7,FALL,13:18:36
1018,-95.98,1,FALL,13:18:39
1019,39.36,18,FALL,13:18:43
1020,49.04,20,FALL,13:18:47
1021,-36.83,10,FALL,13:18:50
1022,254.59,55,FALL,13:18:56
1023,81.16,28,FALL,13:19:04
1024,-52.36,8,FALL,13:19:11
1025,23.70,18,FALL,13:19:14
1026,5.84,20,FALL,13:19:21
1027,107.60,29,FALL,13:19:26
1028,78.48,28,FALL,13:19:30
1029,185.58,51,FALL,13:19:36
1030,132.53,36,FALL,13:19:41
1031,-30.16,11,FALL,13:19:44
1032,-50.82,7,FALL,13:19:48
1033,-41.01,9,FALL,13:19:51
1034,-7.42,16,FALL,13:20:01
1035,114.13,34,FALL,13:20:09
1036,97.09,29,FALL,13:20:14
1037,-62.85,6,FALL,13:20:17
1038,-38.78,10,FALL,13:20:24
1039,-49.13,8,FALL,13:20:30
1040,-7.33,14,FALL,13:20:34
1041,-52.68,8,FALL,13:20:37
1042,301.94,60,FALL,13:20:43
1043,207.77,49,FALL,13:20:52
1044,52.79,21,FALL,13:20:56
1045,-86.05,3,FALL,13:20:59
1046,-53.35,7,FALL,13:21:02
1047,84.03,29,FALL,13:21:06
1048,295.88,66,FALL,13:21:13
1049,10.28,17,FALL,13:21:16
1050,-44.10,8,FALL,13:21:20
1051,-33.64,10,FALL,13:21:23
1052,-16.13,14,FALL,13:21:30
1053,-37.82,11,FALL,13:21:33
1054,-46.42,9,FALL,13:21:37
1055,33.65,18,FALL,13:21:41
1056,-53.82,6,FALL,13:21:44
1057,-32.98,12,FALL,13:21:50
1058,-59.49,6,FALL,13:21:57
1059,104.76,28,FALL,13:22:01
1060,-38.19,10,FALL,13:22:05
1061,92.96,29,FALL,13:22:13
1062,-53.20,7,FALL,13:22:19
1063,-24.21,12,FALL,13:22:22
1064,-46.46,7,FALL,13:22:26
1065,-32.44,11,FALL,13:22:32
1066,23.36,19,FALL,13:22:36
1067,-40.42,9,FALL,13:22:42
1068,238.58,51,FALL,13:22:48
1069,-15.61,15,FALL,13:22:55
1070,-7.33,14,FALL,13:22:58
1071,-37.11,10,FALL,13:23:08
1072,56.49,21,FALL,13:23:12
1073,172.07,39,FALL,13:23:18
1074,85.62,26,FALL,13:23:22
1075,36.84,20,FALL,13:23:26
1076,-47.62,8,FALL,13:23:35
1077,39.01,22,FALL,13:23:40
1078,177.59,45,FALL,13:23:45
1079,-51.48,7,FALL,13:23:48
1080,-11.45,14,FALL,13:23:52
1081,157.56,41,FALL,13:23:57
1082,110.33,31,FALL,13:24:02
1083,-45.83,8,FALL,13:24:11
1084,-51.68,7,FALL,13:24:15
1085,-11.43,15,FALL,13:24:18
1086,-21.65,13,FALL,13:24:22
1087,-17.24,14,FALL,13:24:25
1088,56.32,24,FALL,13:24:33
1089,-38.89,10,FALL,13:24:36
1090,378.36,67,FALL,13:24:43
1091,-11.46,14,FALL,13:24:47
1092,25.87,21,FALL,13:24:51
1093,188.74,58,FALL,13:24:57
1094,22.39,20,FALL,13:25:01
